{
    "name": "C13_NeutralGray",
    "base_color.value": [
        0.13563332965520566,
        0.14702726649759498,
        0.1589608350608804
    ],
    "metallic.value": 0.36308977007865906,
    "roughness.value": 0.44594305753707886,
    "specular": 0.3740869164466858,
    "clearcoat.value": 0.3770664632320404,
    "clearcoat_gloss.value": 0.3809577226638794
}