{
    "name": "C14_NavyBlue",
    "base_color.value": [
        0.05126945837404324,
        0.06124605423161761,
        0.06847816984440017
    ],
    "metallic.value": 0.3685254156589508,
    "roughness.value": 0.4392404556274414,
    "specular": 0.37296566367149353,
    "clearcoat.value": 0.3767206072807312,
    "clearcoat_gloss.value": 0.38095706701278687
}