{
    "name": "C28_BlackishIronBlue",
    "base_color.value": [
        0.10224173308810132,
        0.0822827071298148,
        0.09084171118340768
    ],
    "metallic.value": 0.36606869101524353,
    "roughness.value": 0.20929813385009766,
    "specular": 0.3731466829776764,
    "clearcoat.value": 0.3777647018432617,
    "clearcoat_gloss.value": 0.3818607032299042
}