{
    "name": "C32_WarshipColor2",
    "base_color.value": [
        0.11443537382697373,
        0.12213877222960187,
        0.12213877222960187
    ],
    "metallic.value": 0.36473768949508667,
    "roughness.value": 0.4492734670639038,
    "specular": 0.3737279772758484,
    "clearcoat.value": 0.3769018054008484,
    "clearcoat_gloss.value": 0.3808884024620056
}