{
    "name": "C35_BrightGray",
    "base_color.value": [
        0.30946892281750854,
        0.3662525955988395,
        0.39157247774972326
    ],
    "metallic.value": 0.3488588333129883,
    "roughness.value": 0.4586082994937897,
    "specular": 0.3786400556564331,
    "clearcoat.value": 0.3799794316291809,
    "clearcoat_gloss.value": 0.38212254643440247
}