{
    "name": "C39_DarkYellow",
    "base_color.value": [
        0.4019777798321958,
        0.27467731206038465,
        0.08021982031446832
    ],
    "metallic.value": 0.3556295931339264,
    "roughness.value": 0.4614582657814026,
    "specular": 0.37577542662620544,
    "clearcoat.value": 0.3776627779006958,
    "clearcoat_gloss.value": 0.3808732330799103
}