{
    "name": "C9_Gold",
    "base_color.value": [
        0.6307571363461468,
        0.4286904966139066,
        0.15292615199615017
    ],
    "metallic.value": 0.44143304228782654,
    "roughness.value": 0.3415250778198242,
    "specular": 0.3897126615047455,
    "clearcoat.value": 0.3853655457496643,
    "clearcoat_gloss.value": 0.38269874453544617
}