{
    "name": "Metal_Red",
    "base_color.value": [
        0.8227857543962835,
        0.0822827071298148,
        0.0822827071298148
    ],
    "metallic.value": 0.4448923170566559,
    "roughness.value": 0.27172520756721497,
    "specular": 0.3866836428642273,
    "clearcoat.value": 0.3835926353931427,
    "clearcoat_gloss.value": 0.3831564486026764
}