{
    "name": "Metal_Green",
    "base_color.value": [
        0.0,
        0.6172065624196511,
        0.5840784178911641
    ],
    "metallic.value": 0.45454227924346924,
    "roughness.value": 0.317241370677948,
    "specular": 0.3877503573894501,
    "clearcoat.value": 0.38422197103500366,
    "clearcoat_gloss.value": 0.3829166293144226
}