{
    "name": "C10_Copper",
    "base_color.value": [
        0.9046611743911496,
        0.5457244613701866,
        0.467783796112159
    ],
    "metallic.value": 0.453919917345047,
    "roughness.value": 0.31501150131225586,
    "specular": 0.3914412260055542,
    "clearcoat.value": 0.38620704412460327,
    "clearcoat_gloss.value": 0.38321760296821594
}