{
    "name": "C11_GalGray",
    "base_color.value": [
        0.3419144249086609,
        0.3712376804741491,
        0.31398871337571754
    ],
    "metallic.value": 0.34851571917533875,
    "roughness.value": 0.47892600297927856,
    "specular": 0.37839898467063904,
    "clearcoat.value": 0.37844032049179077,
    "clearcoat_gloss.value": 0.3807188868522644
}