{
    "name": "C12_OliveDrab",
    "base_color.value": [
        0.0953074666309647,
        0.08650046203654976,
        0.05780543019106723
    ],
    "metallic.value": 0.36701300740242004,
    "roughness.value": 0.44759732484817505,
    "specular": 0.3729870319366455,
    "clearcoat.value": 0.37667587399482727,
    "clearcoat_gloss.value": 0.3808739483356476
}