{
    "name": "C16_StrongGreen",
    "base_color.value": [
        0.05780543019106723,
        0.07227185068231748,
        0.05448027644244237
    ],
    "metallic.value": 0.3681865632534027,
    "roughness.value": 0.4431989789009094,
    "specular": 0.37295886874198914,
    "clearcoat.value": 0.3766719698905945,
    "clearcoat_gloss.value": 0.3808971047401428
}