{
    "name": "C17_rlm71",
    "base_color.value": [
        0.08650046203654976,
        0.08865558628577294,
        0.07036009569659588
    ],
    "metallic.value": 0.3683672547340393,
    "roughness.value": 0.4407229721546173,
    "specular": 0.3731015622615814,
    "clearcoat.value": 0.37672245502471924,
    "clearcoat_gloss.value": 0.3809276521205902
}