{
    "name": "C18_rlm70_1",
    "base_color.value": [
        0.0595112381629812,
        0.06480326669290577,
        0.06662593864377289
    ],
    "metallic.value": 0.36904266476631165,
    "roughness.value": 0.42896315455436707,
    "specular": 0.3731938898563385,
    "clearcoat.value": 0.37709861993789673,
    "clearcoat_gloss.value": 0.3813132047653198
}