{
    "name": "C1_White",
    "base_color.value": [
        0.9646862478944651,
        0.9646862478944651,
        0.9822505503331171
    ],
    "metallic.value": 0.36415231227874756,
    "roughness.value": 0.44228506088256836,
    "specular": 0.38469886779785156,
    "clearcoat.value": 0.3835761547088623,
    "clearcoat_gloss.value": 0.3830096125602722
}