{
    "name": "C20_LightBlue",
    "base_color.value": [
        0.3564001441459435,
        0.5840784178911641,
        0.4969329950608704
    ],
    "metallic.value": 0.3546629548072815,
    "roughness.value": 0.47760581970214844,
    "specular": 0.38205161690711975,
    "clearcoat.value": 0.37991824746131897,
    "clearcoat_gloss.value": 0.38063845038414
}