{
    "name": "C21_MiddleStone",
    "base_color.value": [
        0.3419144249086609,
        0.2704977910130658,
        0.07227185068231748
    ],
    "metallic.value": 0.3557768166065216,
    "roughness.value": 0.4654654562473297,
    "specular": 0.3757615089416504,
    "clearcoat.value": 0.3775765001773834,
    "clearcoat_gloss.value": 0.3808075189590454
}