{
    "name": "C22_DarkEarth",
    "base_color.value": [
        0.17788841598362912,
        0.11697066775851084,
        0.08437621154414882
    ],
    "metallic.value": 0.36526814103126526,
    "roughness.value": 0.4437422454357147,
    "specular": 0.37384745478630066,
    "clearcoat.value": 0.376968652009964,
    "clearcoat_gloss.value": 0.3809652030467987
}