{
    "name": "C2_Black",
    "base_color.value": [
        0.043735029256973465,
        0.03688945040110004,
        0.046665086336880095
    ],
    "metallic.value": 0.3633268475532532,
    "roughness.value": 0.17801989614963531,
    "specular": 0.37114787101745605,
    "clearcoat.value": 0.3774065673351288,
    "clearcoat_gloss.value": 0.38183122873306274
}