{
    "name": "C34_SkyBlue",
    "base_color.value": [
        0.0,
        0.2788942634768104,
        0.7011018919329731
    ],
    "metallic.value": 0.3550184965133667,
    "roughness.value": 0.39274221658706665,
    "specular": 0.3788366913795471,
    "clearcoat.value": 0.38157734274864197,
    "clearcoat_gloss.value": 0.3834517300128937
}