{
    "name": "C37_RLM75",
    "base_color.value": [
        0.13286832155381798,
        0.13286832155381798,
        0.14412847085805777
    ],
    "metallic.value": 0.36350545287132263,
    "roughness.value": 0.44335755705833435,
    "specular": 0.3739049434661865,
    "clearcoat.value": 0.3770880401134491,
    "clearcoat_gloss.value": 0.38103294372558594
}