{
    "name": "C5_Blue",
    "base_color.value": [
        0.030713443732993635,
        0.06124605423161761,
        0.31854677812509186
    ],
    "metallic.value": 0.3624345064163208,
    "roughness.value": 0.36156708002090454,
    "specular": 0.37635093927383423,
    "clearcoat.value": 0.37998566031455994,
    "clearcoat_gloss.value": 0.3831936717033386
}