{
    "name": "C6_Green",
    "base_color.value": [
        0.03954623527673284,
        0.1559264637078274,
        0.0595112381629812
    ],
    "metallic.value": 0.36382627487182617,
    "roughness.value": 0.2233494520187378,
    "specular": 0.37417253851890564,
    "clearcoat.value": 0.37797078490257263,
    "clearcoat_gloss.value": 0.38193631172180176
}