{
    "name": "Char_Pink",
    "base_color.value": [
        0.7011018919329731,
        0.2232279573168085,
        0.1714411007328226
    ],
    "metallic.value": 0.35608264803886414,
    "roughness.value": 0.46195483207702637,
    "specular": 0.37772876024246216,
    "clearcoat.value": 0.37851569056510925,
    "clearcoat_gloss.value": 0.3809584379196167
}