{
    "name": "Metal_Purpule",
    "base_color.value": [
        0.83879901174074,
        0.3005437944157765,
        0.5906188409193369
    ],
    "metallic.value": 0.4829854965209961,
    "roughness.value": 0.2741631865501404,
    "specular": 0.3914390206336975,
    "clearcoat.value": 0.38546353578567505,
    "clearcoat_gloss.value": 0.3834679126739502
}