{
    "name": "Metal_Yellow",
    "base_color.value": [
        0.9473065367331999,
        0.8069522576692516,
        0.10702310297826761
    ],
    "metallic.value": 0.46588775515556335,
    "roughness.value": 0.26427122950553894,
    "specular": 0.3903284966945648,
    "clearcoat.value": 0.3853082060813904,
    "clearcoat_gloss.value": 0.38334229588508606
}