{
    "name": "SAZABI_Red",
    "base_color.value": [
        0.5028864580325687,
        0.000607053967097675,
        0.004776953480693729
    ],
    "metallic.value": 0.36108946800231934,
    "roughness.value": 0.4551020860671997,
    "specular": 0.3771875202655792,
    "clearcoat.value": 0.3782927095890045,
    "clearcoat_gloss.value": 0.380899578332901
}