{
    "name": "C11_GalGray",
    "base_color.value": [
        0.3524861167639125,
        0.36709408074397426,
        0.3193367209234381
    ],
    "metallic.value": 0.34851571917533875,
    "roughness.value": 0.47892600297927856,
    "specular": 0.37839898467063904,
    "clearcoat.value": 0.37844032049179077,
    "clearcoat_gloss.value": 0.3807188868522644,
    "matallic_type": 0
}