{
    "name": "C12_OliveDrab",
    "base_color.value": [
        0.09498600719216918,
        0.08244448213668286,
        0.06008833138481452
    ],
    "metallic.value": 0.36701300740242004,
    "roughness.value": 0.44759732484817505,
    "specular": 0.3729870319366455,
    "clearcoat.value": 0.37667587399482727,
    "clearcoat_gloss.value": 0.3808739483356476,
    "matallic_type": 0
}