{
    "name": "C13_NeutralGray",
    "base_color.value": [
        0.12445515795416787,
        0.14141446152566384,
        0.15326943760199785
    ],
    "metallic.value": 0.36308977007865906,
    "roughness.value": 0.44594305753707886,
    "specular": 0.3740869164466858,
    "clearcoat.value": 0.3770664632320404,
    "clearcoat_gloss.value": 0.3809577226638794,
    "matallic_type": 0
}