{
    "name": "C15_DarkGreen",
    "base_color.value": [
        0.026000152475142882,
        0.048480529530071086,
        0.03268481433838974
    ],
    "metallic.value": 0.3687215745449066,
    "roughness.value": 0.4373090863227844,
    "specular": 0.3730340003967285,
    "clearcoat.value": 0.3767485022544861,
    "clearcoat_gloss.value": 0.38098111748695374,
    "matallic_type": 0
}