{
    "name": "C16_StrongGreen",
    "base_color.value": [
        0.05170946013569219,
        0.06319025999139591,
        0.04614070396966947
    ],
    "metallic.value": 0.3681865632534027,
    "roughness.value": 0.4431989789009094,
    "specular": 0.37295886874198914,
    "clearcoat.value": 0.3766719698905945,
    "clearcoat_gloss.value": 0.3808971047401428,
    "matallic_type": 0
}