{
    "name": "C17_rlm71",
    "base_color.value": [
        0.059759745435890396,
        0.06062017368357382,
        0.04571295082170662
    ],
    "metallic.value": 0.3683672547340393,
    "roughness.value": 0.4407229721546173,
    "specular": 0.3731015622615814,
    "clearcoat.value": 0.37672245502471924,
    "clearcoat_gloss.value": 0.3809276521205902,
    "matallic_type": 0
}