{
    "name": "C18_rlm70_1",
    "base_color.value": [
        0.035772157177334396,
        0.04466127647321611,
        0.04217997963111051
    ],
    "metallic.value": 0.36904266476631165,
    "roughness.value": 0.42896315455436707,
    "specular": 0.3731938898563385,
    "clearcoat.value": 0.37709861993789673,
    "clearcoat_gloss.value": 0.3813132047653198,
    "matallic_type": 0
}