{
    "name": "C19_SandyBrown",
    "base_color.value": [
        0.5010956440489698,
        0.25915223011118355,
        0.1039881824669559
    ],
    "metallic.value": 0.3537020981311798,
    "roughness.value": 0.4681066870689392,
    "specular": 0.37655189633369446,
    "clearcoat.value": 0.37789544463157654,
    "clearcoat_gloss.value": 0.38080501556396484,
    "matallic_type": 0
}