{
    "name": "C1_White",
    "base_color.value": [
        0.8486435053915744,
        0.8903664126962092,
        0.8797276972223717
    ],
    "metallic.value": 0.36415231227874756,
    "roughness.value": 0.44228506088256836,
    "specular": 0.38469886779785156,
    "clearcoat.value": 0.3835761547088623,
    "clearcoat_gloss.value": 0.3830096125602722,
    "matallic_type": 0
}