{
    "name": "C20_LightBlue",
    "base_color.value": [
        0.3872690401717471,
        0.5926650326360409,
        0.510779284187685
    ],
    "metallic.value": 0.3546629548072815,
    "roughness.value": 0.47760581970214844,
    "specular": 0.38205161690711975,
    "clearcoat.value": 0.37991824746131897,
    "clearcoat_gloss.value": 0.38063845038414,
    "matallic_type": 0
}