{
    "name": "C21_MiddleStone",
    "base_color.value": [
        0.39157213404044827,
        0.25120094258676956,
        0.0679250517428568
    ],
    "metallic.value": 0.3557768166065216,
    "roughness.value": 0.4654654562473297,
    "specular": 0.3757615089416504,
    "clearcoat.value": 0.3775765001773834,
    "clearcoat_gloss.value": 0.3808075189590454,
    "matallic_type": 0
}