{
    "name": "C22_DarkEarth",
    "base_color.value": [
        0.17230537954780933,
        0.10335040810253626,
        0.06935527536310077
    ],
    "metallic.value": 0.36526814103126526,
    "roughness.value": 0.4437422454357147,
    "specular": 0.37384745478630066,
    "clearcoat.value": 0.376968652009964,
    "clearcoat_gloss.value": 0.3809652030467987,
    "matallic_type": 0
}