{
    "name": "C23_DarkGreen2",
    "base_color.value": [
        0.12886040719540615,
        0.10633347442957057,
        0.0460307510290249
    ],
    "metallic.value": 0.36638811230659485,
    "roughness.value": 0.4353373646736145,
    "specular": 0.37366342544555664,
    "clearcoat.value": 0.3770403563976288,
    "clearcoat_gloss.value": 0.3810887634754181,
    "matallic_type": 0
}