{
    "name": "C25_DarkSeaGray",
    "base_color.value": [
        0.21197886384605158,
        0.2167192378514945,
        0.1784915628154419
    ],
    "metallic.value": 0.3574315011501312,
    "roughness.value": 0.46332818269729614,
    "specular": 0.3750196695327759,
    "clearcoat.value": 0.37728574872016907,
    "clearcoat_gloss.value": 0.38078007102012634,
    "matallic_type": 0
}