{
    "name": "C28_BlackishIronBlue",
    "base_color.value": [
        0.036292090440586434,
        0.03172736155256213,
        0.02723937113930667
    ],
    "metallic.value": 0.36606869101524353,
    "roughness.value": 0.20929813385009766,
    "specular": 0.3731466829776764,
    "clearcoat.value": 0.3777647018432617,
    "clearcoat_gloss.value": 0.3818607032299042,
    "matallic_type": 0
}