{
    "name": "C34_SkyBlue",
    "base_color.value": [
        -0.11753737296782191,
        0.3318915671775662,
        0.6527997336415879
    ],
    "metallic.value": 0.3550184965133667,
    "roughness.value": 0.39274221658706665,
    "specular": 0.3788366913795471,
    "clearcoat.value": 0.38157734274864197,
    "clearcoat_gloss.value": 0.3834517300128937,
    "matallic_type": 0
}