{
    "name": "C35_BrightGray",
    "base_color.value": [
        0.3080637746416156,
        0.3571887358955825,
        0.37607888976535886
    ],
    "metallic.value": 0.3488588333129883,
    "roughness.value": 0.4586082994937897,
    "specular": 0.3786400556564331,
    "clearcoat.value": 0.3799794316291809,
    "clearcoat_gloss.value": 0.38212254643440247,
    "matallic_type": 0
}