{
    "name": "C36_RLM74",
    "base_color.value": [
        0.049878379482617224,
        0.06218578579165436,
        0.06202791506389219
    ],
    "metallic.value": 0.3686768114566803,
    "roughness.value": 0.43280765414237976,
    "specular": 0.37329766154289246,
    "clearcoat.value": 0.37692946195602417,
    "clearcoat_gloss.value": 0.38111412525177,
    "matallic_type": 0
}