{
    "name": "C39_DarkYellow",
    "base_color.value": [
        0.4202799646420896,
        0.24032468605746965,
        0.06885279641576494
    ],
    "metallic.value": 0.3556295931339264,
    "roughness.value": 0.4614582657814026,
    "specular": 0.37577542662620544,
    "clearcoat.value": 0.3776627779006958,
    "clearcoat_gloss.value": 0.3808732330799103,
    "matallic_type": 0
}