{
    "name": "C3_Red",
    "base_color.value": [
        0.46559291156104227,
        -0.005033228494147779,
        0.0007501925276924698
    ],
    "metallic.value": 0.3607064187526703,
    "roughness.value": 0.3694905936717987,
    "specular": 0.3780148923397064,
    "clearcoat.value": 0.3808823525905609,
    "clearcoat_gloss.value": 0.3833200931549072,
    "matallic_type": 0
}