{
    "name": "C4_Yellow",
    "base_color.value": [
        0.9946629860953852,
        0.5974284594846767,
        -0.04741718828320815
    ],
    "metallic.value": 0.3575463891029358,
    "roughness.value": 0.3973172903060913,
    "specular": 0.3800663650035858,
    "clearcoat.value": 0.38216260075569153,
    "clearcoat_gloss.value": 0.38352325558662415,
    "matallic_type": 0
}