{
    "name": "C5_Blue",
    "base_color.value": [
        -0.035815678296221246,
        0.07275439533870252,
        0.38587338233361324
    ],
    "metallic.value": 0.3624345064163208,
    "roughness.value": 0.36156708002090454,
    "specular": 0.37635093927383423,
    "clearcoat.value": 0.37998566031455994,
    "clearcoat_gloss.value": 0.3831936717033386,
    "matallic_type": 0
}