{
    "name": "C6_Green",
    "base_color.value": [
        0.007092690518220229,
        0.10604465727783506,
        0.023295826497138235
    ],
    "metallic.value": 0.36382627487182617,
    "roughness.value": 0.2233494520187378,
    "specular": 0.37417253851890564,
    "clearcoat.value": 0.37797078490257263,
    "clearcoat_gloss.value": 0.38193631172180176,
    "matallic_type": 0
}