{
    "name": "C7_Brown",
    "base_color.value": [
        0.310473260756978,
        0.032526101651025124,
        0.005573784247424541
    ],
    "metallic.value": 0.34720364212989807,
    "roughness.value": 0.21450047194957733,
    "specular": 0.37369081377983093,
    "clearcoat.value": 0.37867292761802673,
    "clearcoat_gloss.value": 0.3818036615848541,
    "matallic_type": 0
}