{
    "name": "C8_Silver",
    "base_color.value": [
        0.3566993811910132,
        0.37115639734024536,
        0.3874066103540629
    ],
    "metallic.value": 0.41856998205184937,
    "roughness.value": 0.3738793134689331,
    "specular": 0.39039716124534607,
    "clearcoat.value": 0.38579046726226807,
    "clearcoat_gloss.value": 0.38235095143318176,
    "matallic_type": 0
}