{
    "name": "Char_Red",
    "base_color.value": [
        0.18255936777027582,
        0.018385905813576076,
        0.043458319865798234
    ],
    "metallic.value": 0.3652532994747162,
    "roughness.value": 0.41720467805862427,
    "specular": 0.3745095729827881,
    "clearcoat.value": 0.37839508056640625,
    "clearcoat_gloss.value": 0.3822096586227417,
    "matallic_type": 0
}