{
    "name": "Metal_Blue",
    "base_color.value": [
        0.0,
        0.3005437944157765,
        0.8796223968878317
    ],
    "metallic.value": 0.4492863118648529,
    "roughness.value": 0.3247322738170624,
    "specular": 0.38703614473342896,
    "clearcoat.value": 0.3838498890399933,
    "clearcoat_gloss.value": 0.3827436864376068
}